{
  "generatedAt": "2026-07-21T05:39:44Z",
  "instrument": "guitar_gaps",
  "revision": "689e773723bcafd8c81015b10c03f12675ce16ec",
  "device": "cpu",
  "requestedDevice": "cpu",
  "modelLoadSec": 0.8821988105773926,
  "peakRssKb": 7864256.0,
  "summary": {
    "tracksMeasured": 12,
    "tracksTotal": 12,
    "meanOnsetF1": 0.8808434553499261,
    "meanOnsetOffsetF1": 0.4343037532895088,
    "meanRealTimeFactor": 0.10374468465144411,
    "totalFalsePositives": 205,
    "totalFalseNegatives": 401
  },
  "perTrack": [
    {
      "trackId": "00_SS1-68-E_comp",
      "player": "00",
      "part": "comp",
      "status": "MEASURED",
      "audioDurationSec": 42.34639455782313,
      "inferenceSec": 11.387431859970093,
      "realTimeFactor": 0.2689114853549288,
      "predictedNoteCount": 168,
      "groundTruthNoteCount": 189,
      "metrics": {
        "groundTruthNoteCount": 189,
        "predictedNoteCount": 168,
        "onsetOnly": {
          "precision": 0.9166666666666666,
          "recall": 0.8148148148148148,
          "f1": 0.8627450980392156,
          "truePositives": 154,
          "falsePositives": 14,
          "falseNegatives": 35
        },
        "onsetAndOffset": {
          "precision": 0.25595238095238093,
          "recall": 0.2275132275132275,
          "f1": 0.24089635854341734,
          "truePositives": 43,
          "falsePositives": 125,
          "falseNegatives": 146
        }
      }
    },
    {
      "trackId": "00_BN1-129-Eb_solo",
      "player": "00",
      "part": "solo",
      "status": "MEASURED",
      "audioDurationSec": 22.32439909297052,
      "inferenceSec": 1.974682092666626,
      "realTimeFactor": 0.0884539863511225,
      "predictedNoteCount": 67,
      "groundTruthNoteCount": 71,
      "metrics": {
        "groundTruthNoteCount": 71,
        "predictedNoteCount": 67,
        "onsetOnly": {
          "precision": 0.9701492537313433,
          "recall": 0.9154929577464789,
          "f1": 0.9420289855072463,
          "truePositives": 65,
          "falsePositives": 2,
          "falseNegatives": 6
        },
        "onsetAndOffset": {
          "precision": 0.6268656716417911,
          "recall": 0.5915492957746479,
          "f1": 0.608695652173913,
          "truePositives": 42,
          "falsePositives": 25,
          "falseNegatives": 29
        }
      }
    },
    {
      "trackId": "01_BN2-166-Ab_comp",
      "player": "01",
      "part": "comp",
      "status": "MEASURED",
      "audioDurationSec": 23.13,
      "inferenceSec": 1.6741790771484375,
      "realTimeFactor": 0.07238128305873055,
      "predictedNoteCount": 274,
      "groundTruthNoteCount": 260,
      "metrics": {
        "groundTruthNoteCount": 260,
        "predictedNoteCount": 274,
        "onsetOnly": {
          "precision": 0.7299270072992701,
          "recall": 0.7692307692307693,
          "f1": 0.7490636704119851,
          "truePositives": 200,
          "falsePositives": 74,
          "falseNegatives": 60
        },
        "onsetAndOffset": {
          "precision": 0.2846715328467153,
          "recall": 0.3,
          "f1": 0.29213483146067415,
          "truePositives": 78,
          "falsePositives": 196,
          "falseNegatives": 182
        }
      }
    },
    {
      "trackId": "01_Jazz1-130-D_solo",
      "player": "01",
      "part": "solo",
      "status": "MEASURED",
      "audioDurationSec": 22.14721088435374,
      "inferenceSec": 1.712838888168335,
      "realTimeFactor": 0.07733880790282256,
      "predictedNoteCount": 66,
      "groundTruthNoteCount": 68,
      "metrics": {
        "groundTruthNoteCount": 68,
        "predictedNoteCount": 66,
        "onsetOnly": {
          "precision": 0.9545454545454546,
          "recall": 0.9264705882352942,
          "f1": 0.9402985074626866,
          "truePositives": 63,
          "falsePositives": 3,
          "falseNegatives": 5
        },
        "onsetAndOffset": {
          "precision": 0.6060606060606061,
          "recall": 0.5882352941176471,
          "f1": 0.5970149253731343,
          "truePositives": 40,
          "falsePositives": 26,
          "falseNegatives": 28
        }
      }
    },
    {
      "trackId": "02_Rock3-148-C_comp",
      "player": "02",
      "part": "comp",
      "status": "MEASURED",
      "audioDurationSec": 25.94079365079365,
      "inferenceSec": 1.7526042461395264,
      "realTimeFactor": 0.06756170492439448,
      "predictedNoteCount": 329,
      "groundTruthNoteCount": 435,
      "metrics": {
        "groundTruthNoteCount": 435,
        "predictedNoteCount": 329,
        "onsetOnly": {
          "precision": 0.8024316109422492,
          "recall": 0.6068965517241379,
          "f1": 0.6910994764397905,
          "truePositives": 264,
          "falsePositives": 65,
          "falseNegatives": 171
        },
        "onsetAndOffset": {
          "precision": 0.425531914893617,
          "recall": 0.3218390804597701,
          "f1": 0.3664921465968586,
          "truePositives": 140,
          "falsePositives": 189,
          "falseNegatives": 295
        }
      }
    },
    {
      "trackId": "02_SS1-100-C#_solo",
      "player": "02",
      "part": "solo",
      "status": "MEASURED",
      "audioDurationSec": 28.8,
      "inferenceSec": 1.7721760272979736,
      "realTimeFactor": 0.061533889836735196,
      "predictedNoteCount": 58,
      "groundTruthNoteCount": 59,
      "metrics": {
        "groundTruthNoteCount": 59,
        "predictedNoteCount": 58,
        "onsetOnly": {
          "precision": 0.9655172413793104,
          "recall": 0.9491525423728814,
          "f1": 0.9572649572649573,
          "truePositives": 56,
          "falsePositives": 2,
          "falseNegatives": 3
        },
        "onsetAndOffset": {
          "precision": 0.6206896551724138,
          "recall": 0.6101694915254238,
          "f1": 0.6153846153846154,
          "truePositives": 36,
          "falsePositives": 22,
          "falseNegatives": 23
        }
      }
    },
    {
      "trackId": "03_Jazz1-200-B_comp",
      "player": "03",
      "part": "comp",
      "status": "MEASURED",
      "audioDurationSec": 14.4,
      "inferenceSec": 1.3598530292510986,
      "realTimeFactor": 0.0944342381424374,
      "predictedNoteCount": 83,
      "groundTruthNoteCount": 82,
      "metrics": {
        "groundTruthNoteCount": 82,
        "predictedNoteCount": 83,
        "onsetOnly": {
          "precision": 0.9156626506024096,
          "recall": 0.926829268292683,
          "f1": 0.9212121212121213,
          "truePositives": 76,
          "falsePositives": 7,
          "falseNegatives": 6
        },
        "onsetAndOffset": {
          "precision": 0.12048192771084337,
          "recall": 0.12195121951219512,
          "f1": 0.12121212121212122,
          "truePositives": 10,
          "falsePositives": 73,
          "falseNegatives": 72
        }
      }
    },
    {
      "trackId": "03_Jazz2-110-Bb_solo",
      "player": "03",
      "part": "solo",
      "status": "MEASURED",
      "audioDurationSec": 34.90319727891156,
      "inferenceSec": 3.961338996887207,
      "realTimeFactor": 0.11349501781261281,
      "predictedNoteCount": 98,
      "groundTruthNoteCount": 99,
      "metrics": {
        "groundTruthNoteCount": 99,
        "predictedNoteCount": 98,
        "onsetOnly": {
          "precision": 0.9387755102040817,
          "recall": 0.9292929292929293,
          "f1": 0.934010152284264,
          "truePositives": 92,
          "falsePositives": 6,
          "falseNegatives": 7
        },
        "onsetAndOffset": {
          "precision": 0.6020408163265306,
          "recall": 0.5959595959595959,
          "f1": 0.5989847715736041,
          "truePositives": 59,
          "falsePositives": 39,
          "falseNegatives": 40
        }
      }
    },
    {
      "trackId": "04_SS3-98-C_comp",
      "player": "04",
      "part": "comp",
      "status": "MEASURED",
      "audioDurationSec": 39.17879818594104,