{
  "generatedAt": "2026-07-21T05:01:54.394Z",
  "node": "v25.9.0",
  "platform": "darwin/arm64",
  "thresholdProfile": "upstream-python-defaults",
  "thresholds": {
    "onsetThresh": 0.5,
    "frameThresh": 0.3,
    "minNoteLenFrames": 11
  },
  "processRssBeforeBytes": 81625088,
  "processRssAfterBytes": 463306752,
  "peakRssKb": 452448,
  "modelBytes": {
    "modelJson": 174537,
    "weightShard": 742392,
    "total": 916929
  },
  "summary": {
    "tracksMeasured": 12,
    "tracksTotal": 12,
    "meanOnsetF1": 0.7501884609062078,
    "meanOnsetOffsetF1": 0.5431653847813628,
    "meanRealTimeFactor": 0.6051786800457549,
    "totalFalsePositives": 649,
    "totalFalseNegatives": 492
  },
  "perTrack": [
    {
      "trackId": "00_SS1-68-E_comp",
      "player": "00",
      "part": "comp",
      "status": "MEASURED",
      "audioDurationSec": 42.34639455782313,
      "wavDecodeMs": 17.892916999999997,
      "modelLoadMs": 5.835667000000001,
      "inferenceMs": 25493.446042000003,
      "realTimeFactor": 0.6020216433583082,
      "backend": "cpu",
      "predictedNoteCount": 306,
      "groundTruthNoteCount": 189,
      "metrics": {
        "groundTruthNoteCount": 189,
        "predictedNoteCount": 306,
        "onsetOnly": {
          "precision": 0.5163398692810458,
          "recall": 0.8359788359788359,
          "f1": 0.6383838383838384,
          "truePositives": 158,
          "falsePositives": 148,
          "falseNegatives": 31,
          "onsetToleranceSec": 0.05
        },
        "onsetAndOffset": {
          "precision": 0.2581699346405229,
          "recall": 0.41798941798941797,
          "f1": 0.3191919191919192,
          "truePositives": 79,
          "falsePositives": 227,
          "falseNegatives": 110,
          "onsetToleranceSec": 0.05,
          "offsetToleranceMinSec": 0.05,
          "offsetToleranceRatio": 0.2
        }
      }
    },
    {
      "trackId": "00_BN1-129-Eb_solo",
      "player": "00",
      "part": "solo",
      "status": "MEASURED",
      "audioDurationSec": 22.32439909297052,
      "wavDecodeMs": 9.14012499999808,
      "modelLoadMs": 3.541832999999315,
      "inferenceMs": 13558.183416999997,
      "realTimeFactor": 0.6073257945504648,
      "backend": "cpu",
      "predictedNoteCount": 95,
      "groundTruthNoteCount": 71,
      "metrics": {
        "groundTruthNoteCount": 71,
        "predictedNoteCount": 95,
        "onsetOnly": {
          "precision": 0.6526315789473685,
          "recall": 0.8732394366197183,
          "f1": 0.746987951807229,
          "truePositives": 62,
          "falsePositives": 33,
          "falseNegatives": 9,
          "onsetToleranceSec": 0.05
        },
        "onsetAndOffset": {
          "precision": 0.5052631578947369,
          "recall": 0.676056338028169,
          "f1": 0.5783132530120482,
          "truePositives": 48,
          "falsePositives": 47,
          "falseNegatives": 23,
          "onsetToleranceSec": 0.05,
          "offsetToleranceMinSec": 0.05,
          "offsetToleranceRatio": 0.2
        }
      }
    },
    {
      "trackId": "01_BN2-166-Ab_comp",
      "player": "01",
      "part": "comp",
      "status": "MEASURED",
      "audioDurationSec": 23.129977324263038,
      "wavDecodeMs": 9.571540999997524,
      "modelLoadMs": 2.0694579999981215,
      "inferenceMs": 14482.242624999999,
      "realTimeFactor": 0.6261243762573135,
      "backend": "cpu",
      "predictedNoteCount": 233,
      "groundTruthNoteCount": 260,
      "metrics": {
        "groundTruthNoteCount": 260,
        "predictedNoteCount": 233,
        "onsetOnly": {
          "precision": 0.7725321888412017,
          "recall": 0.6923076923076923,
          "f1": 0.7302231237322516,
          "truePositives": 180,
          "falsePositives": 53,
          "falseNegatives": 80,
          "onsetToleranceSec": 0.05
        },
        "onsetAndOffset": {
          "precision": 0.45493562231759654,
          "recall": 0.4076923076923077,
          "f1": 0.4300202839756592,
          "truePositives": 106,
          "falsePositives": 127,
          "falseNegatives": 154,
          "onsetToleranceSec": 0.05,
          "offsetToleranceMinSec": 0.05,
          "offsetToleranceRatio": 0.2
        }
      }
    },
    {
      "trackId": "01_Jazz1-130-D_solo",
      "player": "01",
      "part": "solo",
      "status": "MEASURED",
      "audioDurationSec": 22.14721088435374,
      "wavDecodeMs": 8.65254200000345,
      "modelLoadMs": 2.8196249999964493,
      "inferenceMs": 13644.533416999991,
      "realTimeFactor": 0.6160836002441913,
      "backend": "cpu",
      "predictedNoteCount": 74,
      "groundTruthNoteCount": 68,
      "metrics": {
        "groundTruthNoteCount": 68,
        "predictedNoteCount": 74,
        "onsetOnly": {
          "precision": 0.8378378378378378,
          "recall": 0.9117647058823529,
          "f1": 0.8732394366197184,
          "truePositives": 62,
          "falsePositives": 12,
          "falseNegatives": 6,
          "onsetToleranceSec": 0.05
        },
        "onsetAndOffset": {
          "precision": 0.6891891891891891,
          "recall": 0.75,
          "f1": 0.7183098591549296,
          "truePositives": 51,
          "falsePositives": 23,
          "falseNegatives": 17,
          "onsetToleranceSec": 0.05,
          "offsetToleranceMinSec": 0.05,
          "offsetToleranceRatio": 0.2
        }
      }
    },
    {
      "trackId": "02_Rock3-148-C_comp",
      "player": "02",
      "part": "comp",
      "status": "MEASURED",
      "audioDurationSec": 25.94077097505669,
      "wavDecodeMs": 10.176625000007334,
      "modelLoadMs": 2.5259159999986878,
      "inferenceMs": 15408.621415999994,
      "realTimeFactor": 0.5939924233869583,
      "backend": "cpu",
      "predictedNoteCount": 302,
      "groundTruthNoteCount": 435,
      "metrics": {
        "groundTruthNoteCount": 435,
        "predictedNoteCount": 302,
        "onsetOnly": {
          "precision": 0.7913907284768212,
          "recall": 0.5494252873563218,
          "f1": 0.6485753052917232,
          "truePositives": 239,
          "falsePositives": 63,
          "falseNegatives": 196,
          "onsetToleranceSec": 0.05
        },
        "onsetAndOffset": {
          "precision": 0.4370860927152318,
          "recall": 0.30344827586206896,
          "f1": 0.3582089552238807,
          "truePositives": 132,
          "falsePositives": 170,
          "falseNegatives": 303,
          "onsetToleranceSec": 0.05,
          "offsetToleranceMinSec": 0.05,
          "offsetToleranceRatio": 0.2
        }
      }
    },
    {
      "trackId": "02_SS1-100-C#_solo",
      "player": "02",
      "part": "solo",
      "status": "MEASURED",
      "audioDurationSec": 28.8,
      "wavDecodeMs": 12.272291999994195,
      "modelLoadMs": 2.5953339999978198,
      "inferenceMs": 17376.237959000006,
      "realTimeFactor": 0.6033415957986112,
      "backend": "cpu",
      "predictedNoteCount": 65,
      "groundTruthNoteCount": 59,
      "metrics": {
        "groundTruthNoteCount": 59,
        "predictedNoteCount": 65,
        "onsetOnly": {
          "precision": 0.8307692307692308,
          "recall": 0.9152542372881356,
          "f1": 0.870967741935484,
          "truePositives": 54,
          "falsePositives": 11,
          "falseNegatives": 5,
          "onsetToleranceSec": 0.05
        },
        "onsetAndOffset": {
          "precision": 0.7384615384615385,
          "recall": 0.8135593220338984,
          "f1": 0.7741935483870969,
          "truePositives": 48,
          "falsePositives": 17,
          "falseNegatives": 11,
          "onsetToleranceSec": 0.05,
          "offsetToleranceMinSec": 0.05,
          "offsetToleranceRatio": 0.2
        }
      }
    },
    {
      "trackId": "03_Jazz1-200-B_comp",
      "player": "03",
      "part": "comp",
      "status": "MEASURED",
      "audioDurationSec": 14.4,
      "wavDecodeMs": 6.991207999992184,
      "modelLoadMs": 1.674417000001995,