{
  "generatedAt": "2026-07-21T05:29:43Z",
  "instrument": "guitar_fl",
  "revision": "689e773723bcafd8c81015b10c03f12675ce16ec",
  "modelLoadSec": 0.953009843826294,
  "peakRssKb": 942144.0,
  "summary": {
    "tracksMeasured": 12,
    "tracksTotal": 12,
    "meanOnsetF1": 0.9028959265709879,
    "meanOnsetOffsetF1": 0.6735658277079208,
    "meanRealTimeFactor": 0.06007332171593901,
    "totalFalsePositives": 205,
    "totalFalseNegatives": 278
  },
  "perTrack": [
    {
      "trackId": "00_SS1-68-E_comp",
      "player": "00",
      "part": "comp",
      "status": "MEASURED",
      "audioDurationSec": 42.34639455782313,
      "inferenceSec": 3.689728021621704,
      "realTimeFactor": 0.08713204654491792,
      "predictedNoteCount": 186,
      "groundTruthNoteCount": 189,
      "metrics": {
        "groundTruthNoteCount": 189,
        "predictedNoteCount": 186,
        "onsetOnly": {
          "precision": 0.8709677419354839,
          "recall": 0.8571428571428571,
          "f1": 0.864,
          "truePositives": 162,
          "falsePositives": 24,
          "falseNegatives": 27
        },
        "onsetAndOffset": {
          "precision": 0.45698924731182794,
          "recall": 0.4497354497354497,
          "f1": 0.45333333333333325,
          "truePositives": 85,
          "falsePositives": 101,
          "falseNegatives": 104
        }
      }
    },
    {
      "trackId": "00_BN1-129-Eb_solo",
      "player": "00",
      "part": "solo",
      "status": "MEASURED",
      "audioDurationSec": 22.32439909297052,
      "inferenceSec": 1.2624390125274658,
      "realTimeFactor": 0.056549742157448755,
      "predictedNoteCount": 68,
      "groundTruthNoteCount": 71,
      "metrics": {
        "groundTruthNoteCount": 71,
        "predictedNoteCount": 68,
        "onsetOnly": {
          "precision": 0.9411764705882353,
          "recall": 0.9014084507042254,
          "f1": 0.920863309352518,
          "truePositives": 64,
          "falsePositives": 4,
          "falseNegatives": 7
        },
        "onsetAndOffset": {
          "precision": 0.6470588235294118,
          "recall": 0.6197183098591549,
          "f1": 0.6330935251798561,
          "truePositives": 44,
          "falsePositives": 24,
          "falseNegatives": 27
        }
      }
    },
    {
      "trackId": "01_BN2-166-Ab_comp",
      "player": "01",
      "part": "comp",
      "status": "MEASURED",
      "audioDurationSec": 23.13,
      "inferenceSec": 1.236532211303711,
      "realTimeFactor": 0.053460104250052355,
      "predictedNoteCount": 279,
      "groundTruthNoteCount": 260,
      "metrics": {
        "groundTruthNoteCount": 260,
        "predictedNoteCount": 279,
        "onsetOnly": {
          "precision": 0.8136200716845878,
          "recall": 0.8730769230769231,
          "f1": 0.8423005565862709,
          "truePositives": 227,
          "falsePositives": 52,
          "falseNegatives": 33
        },
        "onsetAndOffset": {
          "precision": 0.6021505376344086,
          "recall": 0.6461538461538462,
          "f1": 0.6233766233766234,
          "truePositives": 168,
          "falsePositives": 111,
          "falseNegatives": 92
        }
      }
    },
    {
      "trackId": "01_Jazz1-130-D_solo",
      "player": "01",
      "part": "solo",
      "status": "MEASURED",
      "audioDurationSec": 22.14721088435374,
      "inferenceSec": 1.2266430854797363,
      "realTimeFactor": 0.055385894498630454,
      "predictedNoteCount": 69,
      "groundTruthNoteCount": 68,
      "metrics": {
        "groundTruthNoteCount": 68,
        "predictedNoteCount": 69,
        "onsetOnly": {
          "precision": 0.9710144927536232,
          "recall": 0.9852941176470589,
          "f1": 0.9781021897810219,
          "truePositives": 67,
          "falsePositives": 2,
          "falseNegatives": 1
        },
        "onsetAndOffset": {
          "precision": 0.8405797101449275,
          "recall": 0.8529411764705882,
          "f1": 0.8467153284671534,
          "truePositives": 58,
          "falsePositives": 11,
          "falseNegatives": 10
        }
      }
    },
    {
      "trackId": "02_Rock3-148-C_comp",
      "player": "02",
      "part": "comp",
      "status": "MEASURED",
      "audioDurationSec": 25.94079365079365,
      "inferenceSec": 1.228065013885498,
      "realTimeFactor": 0.04734107330782941,
      "predictedNoteCount": 388,
      "groundTruthNoteCount": 435,
      "metrics": {
        "groundTruthNoteCount": 435,
        "predictedNoteCount": 388,
        "onsetOnly": {
          "precision": 0.845360824742268,
          "recall": 0.7540229885057471,
          "f1": 0.7970838396111787,
          "truePositives": 328,
          "falsePositives": 60,
          "falseNegatives": 107
        },
        "onsetAndOffset": {
          "precision": 0.5721649484536082,
          "recall": 0.5103448275862069,
          "f1": 0.5394896719319563,
          "truePositives": 222,
          "falsePositives": 166,
          "falseNegatives": 213
        }
      }
    },
    {
      "trackId": "02_SS1-100-C#_solo",
      "player": "02",
      "part": "solo",
      "status": "MEASURED",
      "audioDurationSec": 28.8,
      "inferenceSec": 1.2287511825561523,
      "realTimeFactor": 0.042664971616533064,
      "predictedNoteCount": 61,
      "groundTruthNoteCount": 59,
      "metrics": {
        "groundTruthNoteCount": 59,
        "predictedNoteCount": 61,
        "onsetOnly": {
          "precision": 0.9016393442622951,
          "recall": 0.9322033898305084,
          "f1": 0.9166666666666666,
          "truePositives": 55,
          "falsePositives": 6,
          "falseNegatives": 4
        },
        "onsetAndOffset": {
          "precision": 0.819672131147541,
          "recall": 0.847457627118644,
          "f1": 0.8333333333333333,
          "truePositives": 50,
          "falsePositives": 11,
          "falseNegatives": 9
        }
      }
    },
    {
      "trackId": "03_Jazz1-200-B_comp",
      "player": "03",
      "part": "comp",
      "status": "MEASURED",
      "audioDurationSec": 14.4,
      "inferenceSec": 1.137998104095459,
      "realTimeFactor": 0.0790276461177402,
      "predictedNoteCount": 81,
      "groundTruthNoteCount": 82,
      "metrics": {
        "groundTruthNoteCount": 82,
        "predictedNoteCount": 81,
        "onsetOnly": {
          "precision": 0.9506172839506173,
          "recall": 0.9390243902439024,
          "f1": 0.9447852760736196,
          "truePositives": 77,
          "falsePositives": 4,
          "falseNegatives": 5
        },
        "onsetAndOffset": {
          "precision": 0.48148148148148145,
          "recall": 0.47560975609756095,
          "f1": 0.4785276073619632,
          "truePositives": 39,
          "falsePositives": 42,
          "falseNegatives": 43
        }
      }
    },
    {
      "trackId": "03_Jazz2-110-Bb_solo",
      "player": "03",
      "part": "solo",
      "status": "MEASURED",
      "audioDurationSec": 34.90319727891156,
      "inferenceSec": 1.6360280513763428,
      "realTimeFactor": 0.046873300411502054,
      "predictedNoteCount": 96,
      "groundTruthNoteCount": 99,
      "metrics": {
        "groundTruthNoteCount": 99,
        "predictedNoteCount": 96,
        "onsetOnly": {
          "precision": 0.96875,
          "recall": 0.9393939393939394,
          "f1": 0.9538461538461539,
          "truePositives": 93,
          "falsePositives": 3,
          "falseNegatives": 6
        },
        "onsetAndOffset": {
          "precision": 0.9270833333333334,
          "recall": 0.898989898989899,
          "f1": 0.9128205128205129,
          "truePositives": 89,
          "falsePositives": 7,
          "falseNegatives": 10
        }
      }
    },
    {
      "trackId": "04_SS3-98-C_comp",
      "player": "04",
      "part": "comp",
      "status": "MEASURED",
      "audioDurationSec": 39.17879818594104,
      "inferenceSec": 1.5661330223083496,